<?xml version="1.0"?>
<document>
<!--
 Licensed to the Apache Software Foundation (ASF) under one or more
 contributor license agreements.  See the NOTICE file distributed with
 this work for additional information regarding copyright ownership.
 The ASF licenses this file to you under the Apache License, Version 2.0
 (the "License"); you may not use this file except in compliance with
 the License.  You may obtain a copy of the License at

     http://www.apache.org/licenses/LICENSE-2.0

 Unless required by applicable law or agreed to in writing, software
 distributed under the License is distributed on an "AS IS" BASIS,
 WITHOUT WARRANTIES OR CONDITIONS OF ANY KIND, either express or implied.
 See the License for the specific language governing permissions and
 limitations under the License.
-->
  <properties>
    <title>Shale Core</title>
  </properties>

  <body>
    
    <section name="Shale Core">
    <a name="core"/>

      <p>Shale includes a core library providing useful additions and
      utilies for JSF applications.</p>

      <a name="core-services"/>
      <subsection name="Services Provided">

        <ul>

          <li><a href="jndi-integration.html">JNDI Integration</a> - Shale
           includes custom instances of the <code>VariableResolver</code>
           and <code>PropertyResolver</code> APIs, from JavaServer Faces,
           that allow value binding and method binding expressions to
           navigate through the JNDI <code>InitialContext</code> (and
           subcontexts) that are provided to each web application by the
           application server.</li>

          <li><a href="tagreference.html">Shale Core Taglib</a> -
           A tag library that provides a &lt;s:token&gt; tag that that
           renders a transaction token (hidden) input field, and then
           validates it on a subsequent form submit.</li>

          <li><a href="apidocs/org/apache/shale/util/package-summary.html">Utility classes</a>
          - A set of helper classes spanning topics such as
          internationalization, access to JSF converters and utilities for
          JSF tags and JavaBeans properties.</li>

        </ul>

      </subsection>

    </section>

  </body>

</document>
