<?xml version="1.0"?>
<document>
<!--
 Licensed to the Apache Software Foundation (ASF) under one or more
 contributor license agreements.  See the NOTICE file distributed with
 this work for additional information regarding copyright ownership.
 The ASF licenses this file to you under the Apache License, Version 2.0
 (the "License"); you may not use this file except in compliance with
 the License.  You may obtain a copy of the License at

     http://www.apache.org/licenses/LICENSE-2.0

 Unless required by applicable law or agreed to in writing, software
 distributed under the License is distributed on an "AS IS" BASIS,
 WITHOUT WARRANTIES OR CONDITIONS OF ANY KIND, either express or implied.
 See the License for the specific language governing permissions and
 limitations under the License.
-->
  <properties>
    <title>Shale Logo Contest</title>
  </properties>

  <body>

    <section name="Shale Logo Contest">
    <a name="background"/>

      <a name="logo"/>
      <subsection name="Logo Contest">
         <p>
			The following images are all the entries that were submitted for the Shale logo contest.
			Please review and discuss these images on the <a href="http://shale.apache.org/mail-lists.html">Shale users list</a>.
			The Shale PMC will call for an official vote on September 19, 2006 to determine the winner.  Everyone is welcome to vote, 
			however, only binding votes will be used to determine the winner.
		</p>
		<p>
			For accuracy, submitted votes should follow the following format:
			<pre>
				Shale logo contest vote:
					1st choice: # {Entry #}
					2nd choice: # {Entry #}
					3rd choice: # {Entry #}
					4th choice: # {Entry #}
					5th choice: # {Entry #}
			</pre>
			
			Votes will be assigned a value based on rank.  For each vote, 1st choice has a value of 5, 5th place has a value of 1, and
			all others follow a similar pattern.  
			All votes will be accumulated and the author of the winning logo will be asked to submit a 
			<a href="http://www.apache.org/licenses/#clas">Contributor License Agreement</a>.
			
		</p>
		
		<p>
			The process whereby CLAs are submitted and recorded by the ASF is not an exact science.  Since we are all volunteers, 
			we can only hope that the process will happen quickly.  Once the CLA has been recorded, the prizes for 1st, 2nd, and 3rd place 
			winners will be given out.  The prize pack for each winner has not been finalized and will be announced at a later date.
		</p>
		
		<p>
			Again, the Apache Shale PMC would like to thank each and every author who has submitted logos for this contest.
			We really appreciate your efforts.  Good luck!!
		</p>
		
		<p>

         <table>
			<tbody>
				<tr>
					<td>Entry #</td>
					<td>Author</td>
					<td>Contact</td>
					<td>Large Image</td>
					<td>Small Image</td>
				</tr>
					
				<tr><td>1</td>
				<td>
				 Dennis Byrne 
				</td>
				<td>
				 <a href="mailto:dennisbyrne@apache.org"> dennisbyrne@apache.org</a> 

				</td>
				<td>
				 <img src="http://people.apache.org/~jmitchell/shale-logo-entries/shale_dennisbyrne.jpg" alt="shale_dennisbyrne.jpg"/> 
				</td>
				<td>
				 TODO 
				</td>
				</tr>
				<tr><td>2</td>
				<td>
				 Jacob Hookom 

				</td>
				<td>
				 <a href="mailto:jhook@apache.org"> jhook@apache.org</a> 
				</td>
				<td>
				 <img src="http://people.apache.org/~jmitchell/shale-logo-entries/shale01_lg_jhook.gif" alt="shale01_lg_jhook.gif"/> 
				</td>
				<td>
				 <img src="http://people.apache.org/~jmitchell/shale-logo-entries/shale01_sm_jhook.gif" alt="shale01_sm_jhook.gif"/> 

				</td>
				</tr>
				<tr><td>3</td>
				<td>
				 Jacob Hookom 
				</td>
				<td>
				 <a href="mailto:jhook@apache.org"> jhook@apache.org</a> 
				</td>
				<td>
				 <img src="http://people.apache.org/~jmitchell/shale-logo-entries/shale03_lg_jhook.gif" alt="shale03_lg_jhook.gif"/> 

				</td>
				<td>
				 <img src="http://people.apache.org/~jmitchell/shale-logo-entries/shale03_sm_jhook.gif" alt="shale03_sm_jhook.gif"/> 
				</td>
				</tr>
				<tr><td>4</td>
				<td>
				 Jacob Hookom 
				</td>
				<td>
				 <a href="mailto:jhook@apache.org"> jhook@apache.org</a> 

				</td>
				<td>
				 <img src="http://people.apache.org/~jmitchell/shale-logo-entries/shale04_lg_jhook.gif" alt="shale04_lg_jhook.gif"/> 
				</td>
				<td>
				 <img src="http://people.apache.org/~jmitchell/shale-logo-entries/shale04_sm_jhook.gif" alt="shale04_sm_jhook.gif"/> 
				</td>
				</tr>
				<tr><td>5</td>
				<td>
				 Stephan Opitz 

				</td>
				<td>
				 <a href="mailto:stephan.opitz@gmail.com"> stephan.opitz@gmail.com</a> 
				</td>
				<td>
				 <img src="http://people.apache.org/~jmitchell/shale-logo-entries/shale_pyramid.gif" alt="shale_pyramid.gif"/> 
				</td>
				<td>
				 <img src="http://people.apache.org/~jmitchell/shale-logo-entries/shale_pyramid_pow.gif" alt="shale_pyramid_pow.gif"/>
				</td>

				</tr>
				<tr><td>6</td>
				<td>
				 Stephan Opitz 
				</td>
				<td>
				 <a href="mailto:stephan.opitz@gmail.com"> stephan.opitz@gmail.com</a> 
				</td>
				<td>
				 <img src="http://people.apache.org/~jmitchell/shale-logo-entries/shale_nature.gif" alt="shale_nature.gif"/> 

				</td>
				<td>
				 <img src="http://people.apache.org/~jmitchell/shale-logo-entries/shale_nature_pow.gif" alt="shale_nature_pow.gif"/>
				</td>
				</tr>
				<tr><td>7</td>
				<td>
				 Stephan Opitz 
				</td>
				<td>
				 <a href="mailto:stephan.opitz@gmail.com"> stephan.opitz@gmail.com</a> 

				</td>
				<td>
				 <img src="http://people.apache.org/~jmitchell/shale-logo-entries/shale_nature_2.gif" alt="shale_nature_2.gif"/> 
				</td>
				<td>
				 <img src="http://people.apache.org/~jmitchell/shale-logo-entries/shale_nature_pow_2.gif" alt="shale_nature_pow_2.gif"/>
				</td>
				</tr>
				<tr><td>8</td>
				<td>
				 Ransford Segu-Baffoe 
				</td>

				<td>
				 <a href="mailto:paksegu@yahoo.com"> paksegu@yahoo.com</a> 
				</td>
				<td>
				 <img src="http://people.apache.org/~jmitchell/shale-logo-entries/shalepaksegu.gif" alt="shalepaksegu.gif"/> 
				</td>
				</tr>
				<tr><td>9</td>
				<td>
				 ugodiggi 

				</td>
				<td>
				 <a href="mailto:ugodiggi@_g_m_a_i_l_.com"> ugodiggi@_g_m_a_i_l_.com</a> 
				</td>
				<td>
				 <img src="http://people.apache.org/~jmitchell/shale-logo-entries/Shale_large_udg.png" alt="Shale_large_udg.png"/> 
				</td>
				<td>
				 <img src="http://people.apache.org/~jmitchell/shale-logo-entries/Shale_power_udg.png" alt="Shale_power_udg.png"/> 

				</td>
				</tr>
				<tr><td>10</td>
				<td>
				 Michael Ameduri 
				</td>
				<td>
				 <a href="mailto:ammo8@rochester.rr.com"> ammo8@rochester.rr.com</a> 
				</td>
				<td>
				 <img src="http://people.apache.org/~jmitchell/shale-logo-entries/a-peak_master.jpg" alt="a-peak_master.jpg"/> 

				</td>
				<td>
				 <img src="http://people.apache.org/~jmitchell/shale-logo-entries/a-peak_power.jpg" alt="a-peak_power.jpg"/> 
				</td>
				</tr>
				<tr><td>11</td>
				<td>
				 Michael Ameduri 
				</td>
				<td>
				 <a href="mailto:ammo8@rochester.rr.com"> ammo8@rochester.rr.com</a> 

				</td>
				<td>
				 <img src="http://people.apache.org/~jmitchell/shale-logo-entries/blocks_master.jpg" alt="blocks_master.jpg"/> 
				</td>
				<td>
				 <img src="http://people.apache.org/~jmitchell/shale-logo-entries/blocks_power.jpg" alt="blocks_power.jpg"/> 
				</td>
				</tr>
				<tr><td>12</td>
				<td>
				 Michael Ameduri 

				</td>
				<td>
				 <a href="mailto:ammo8@rochester.rr.com"> ammo8@rochester.rr.com</a> 
				</td>
				<td>
				 <img src="http://people.apache.org/~jmitchell/shale-logo-entries/blue_peaks_master.jpg" alt="blue_peaks_master.jpg"/> 
				</td>
				<td>
				 <img src="http://people.apache.org/~jmitchell/shale-logo-entries/blue_peaks_power.jpg" alt="blue_peaks_power.jpg"/> 

				</td>
				</tr>
				<tr><td>13</td>
				<td>
				 Michael Ameduri 
				</td>
				<td>
				 <a href="mailto:ammo8@rochester.rr.com"> ammo8@rochester.rr.com</a> 
				</td>
				<td>
				 <img src="http://people.apache.org/~jmitchell/shale-logo-entries/coca_cola_shale_master.jpg" alt="coca_cola_shale_master.jpg"/> 

				</td>
				<td>
				 <img src="http://people.apache.org/~jmitchell/shale-logo-entries/coca_cola_shale_power.jpg" alt="coca_cola_shale_power.jpg"/> 
				</td>
				</tr>
				<tr><td>14</td>
				<td>
				 Michael Ameduri 
				</td>
				<td>
				 <a href="mailto:ammo8@rochester.rr.com"> ammo8@rochester.rr.com</a> 

				</td>
				<td>
				 <img src="http://people.apache.org/~jmitchell/shale-logo-entries/copper_shale_master.jpg" alt="copper_shale_master.jpg"/> 
				</td>
				<td>
				 <img src="http://people.apache.org/~jmitchell/shale-logo-entries/copper_shale_power.jpg" alt="copper_shale_power.jpg"/> 
				</td>
				</tr>
				<tr><td>15</td>
				<td>
				 Michael Ameduri 

				</td>
				<td>
				 <a href="mailto:ammo8@rochester.rr.com"> ammo8@rochester.rr.com</a> 
				</td>
				<td>
				 <img src="http://people.apache.org/~jmitchell/shale-logo-entries/orange_panels_master.jpg" alt="orange_panels_master.jpg"/> 
				</td>
				<td>
				 <img src="http://people.apache.org/~jmitchell/shale-logo-entries/orange_panels_power.jpg" alt="orange_panels_power.jpg"/> 

				</td>
				</tr>
				<tr><td>16</td>
				<td>
				 Michael Ameduri 
				</td>
				<td>
				 <a href="mailto:ammo8@rochester.rr.com"> ammo8@rochester.rr.com</a> 
				</td>
				<td>
				 <img src="http://people.apache.org/~jmitchell/shale-logo-entries/orange_sphere_master.jpg" alt="orange_sphere_master.jpg"/> 

				</td>
				<td>
				 <img src="http://people.apache.org/~jmitchell/shale-logo-entries/orange_sphere_power.jpg" alt="orange_sphere_power.jpg"/> 
				</td>
				</tr>
				<tr><td>17</td>
				<td>
				 Michael Ameduri 
				</td>
				<td>
				 <a href="mailto:ammo8@rochester.rr.com"> ammo8@rochester.rr.com</a> 

				</td>
				<td>
				 <img src="http://people.apache.org/~jmitchell/shale-logo-entries/copper_shale_master.jpg" alt="copper_shale_master.jpg"/> 
				</td>
				<td>
				 <img src="http://people.apache.org/~jmitchell/shale-logo-entries/copper_shale_power.jpg" alt="copper_shale_power.jpg"/> 
				</td>
				</tr>
				<tr><td>18</td>
				<td>
				 Michael Ameduri 

				</td>
				<td>
				 <a href="mailto:ammo8@rochester.rr.com"> ammo8@rochester.rr.com</a> 
				</td>
				<td>
				 <img src="http://people.apache.org/~jmitchell/shale-logo-entries/orange_wave_master.jpg" alt="orange_wave_master.jpg"/> 
				</td>
				<td>
				 <img src="http://people.apache.org/~jmitchell/shale-logo-entries/orange_wave_power.jpg" alt="orange_wave_power.jpg"/> 

				</td>
				</tr>
				<tr><td>19</td>
				<td>
				 Michael Ameduri 
				</td>
				<td>
				 <a href="mailto:ammo8@rochester.rr.com"> ammo8@rochester.rr.com</a> 
				</td>
				<td>
				 <img src="http://people.apache.org/~jmitchell/shale-logo-entries/pepsi_style_master.jpg" alt="pepsi_style_master.jpg"/> 

				</td>
				<td>
				 <img src="http://people.apache.org/~jmitchell/shale-logo-entries/pepsi_style_power.jpg" alt="pepsi_style_power.jpg"/> 
				</td>
				</tr>
				<tr><td>20</td>
				<td>
				 Michael Ameduri 
				</td>
				<td>
				 <a href="mailto:ammo8@rochester.rr.com"> ammo8@rochester.rr.com</a> 

				</td>
				<td>
				 <img src="http://people.apache.org/~jmitchell/shale-logo-entries/rainbow_master.jpg" alt="rainbow_master.jpg"/> 
				</td>
				<td>
				 <img src="http://people.apache.org/~jmitchell/shale-logo-entries/rainbow_power.jpg" alt="rainbow_power.jpg"/> 
				</td>
				</tr>
				<tr><td>21</td>
				<td>
				 Michael Ameduri 

				</td>
				<td>
				 <a href="mailto:ammo8@rochester.rr.com"> ammo8@rochester.rr.com</a> 
				</td>
				<td>
				 <img src="http://people.apache.org/~jmitchell/shale-logo-entries/swiss_master.jpg" alt="swiss_master.jpg"/> 
				</td>
				<td>
				 <img src="http://people.apache.org/~jmitchell/shale-logo-entries/swiss_power.jpg" alt="swiss_power.jpg"/> 

				</td>
				</tr>
				<tr><td>22</td>
				<td>
				 Agharta 
				</td>
				<td>
				 <a href="mailto:agharta@interfree.it"> agharta@interfree.it</a> 
				</td>
				<td>
				 <img src="http://people.apache.org/~jmitchell/shale-logo-entries/shaleAgharta1.png" alt="shaleAgharta1.png"/> 

				</td>
				<td>
				 <img src="http://people.apache.org/~jmitchell/shale-logo-entries/shaleAgharta2.png" alt="shaleAgharta2.png"/> 
				</td>
				</tr>
				<tr><td>23</td>
				<td>
				 Allistair Crossley 
				</td>
				<td>
				 <a href="mailto:info@adcworks.com"> info@adcworks.com</a> 

				</td>
				<td>
				 <img src="http://people.apache.org/~jmitchell/shale-logo-entries/ACShale.gif" alt="ACShale.gif"/> 
				</td>
				<td>
				 <img src="http://people.apache.org/~jmitchell/shale-logo-entries/ACPBShale.gif" alt="ACPBShale.gif"/> 
				</td>
				</tr>
				<tr><td>24</td>
				<td>
				 Arun Sreedharan 

				</td>
				<td>
				 <a href="mailto:profiles_arun@yahoo.co.in"> profiles_arun@yahoo.co.in</a> 
				</td>
				<td>
				 <img src="http://people.apache.org/~jmitchell/shale-logo-entries/aksSHALE_mst.gif" alt="aksSHALE_mst.gif"/> 
				</td>
				<td>
				 <img src="http://people.apache.org/~jmitchell/shale-logo-entries/aksSHALE_pb.gif" alt="aksSHALE_pb.gif"/> 

				</td>
				</tr>
				<tr><td>25</td>
				<td>
				 Andrei Dragomir 
				</td>
				<td>
				 <a href="mailto:andrei@codra.ro"> andrei@codra.ro</a> 
				</td>
				<td>
				 <img src="http://people.apache.org/~jmitchell/shale-logo-entries/apacheshale_ro_buc.jpg" alt="apacheshale_ro_buc.jpg"/> 

				</td>
				<td>
				 <img src="http://people.apache.org/~jmitchell/shale-logo-entries/poweredbyapacheshale_ro_buc.jpg" alt="poweredbyapacheshale_ro_buc.jpg"/> 
				</td>
				</tr>
				<tr><td>26</td>
				<td>
				 Mihai Copae 
				</td>
				<td>
				 <a href="mailto:mihai.copae@gmail.com"> mihai.copae@gmail.com</a> 

				</td>
				<td>
				 <img src="http://people.apache.org/~jmitchell/shale-logo-entries/mihai_copae_logo.jpg" alt="mihai_copae_logo.jpg"/> 
				</td>
				<td>
				 <img src="http://people.apache.org/~jmitchell/shale-logo-entries/mihai_copae_powered.jpg" alt="mihai_copae_powered.jpg"/> 
				</td>
				</tr>
				<tr><td>27</td>
				<td>
				 Michael Ameduri 

				</td>
				<td>
				 <a href="mailto:ammo8@rochester.rr.com"> ammo8@rochester.rr.com</a> 
				</td>
				<td>
				 <img src="http://people.apache.org/~jmitchell/shale-logo-entries/6balls.jpg" alt="6balls.jpg"/> 
				</td>
				<td>
				 <img src="http://people.apache.org/~jmitchell/shale-logo-entries/powered6balls.jpg" alt="powered6balls.jpg"/> 

				</td>
				</tr>
				<tr><td>28</td>
				<td>
				 Michael Ameduri 
				</td>
				<td>
				 <a href="mailto:ammo8@rochester.rr.com"> ammo8@rochester.rr.com</a> 
				</td>
				<td>
				 <img src="http://people.apache.org/~jmitchell/shale-logo-entries/bic.jpg" alt="bic.jpg"/> 

				</td>
				<td>
				 <img src="http://people.apache.org/~jmitchell/shale-logo-entries/poweredbic.jpg" alt="poweredbic.jpg"/> 
				</td>
				</tr>
				<tr><td>29</td>
				<td>
				 Michael Ameduri 
				</td>
				<td>
				 <a href="mailto:ammo8@rochester.rr.com"> ammo8@rochester.rr.com</a> 

				</td>
				<td>
				 <img src="http://people.apache.org/~jmitchell/shale-logo-entries/rocky.jpg" alt="rocky.jpg"/> 
				</td>
				<td>
				 <img src="http://people.apache.org/~jmitchell/shale-logo-entries/poweredrocky.jpg" alt="poweredrocky.jpg"/> 
				</td>
				</tr>
				<tr><td>30</td>
				<td>
				 Michael Ameduri 

				</td>
				<td>
				 <a href="mailto:ammo8@rochester.rr.com"> ammo8@rochester.rr.com</a> 
				</td>
				<td>
				 <img src="http://people.apache.org/~jmitchell/shale-logo-entries/star.jpg" alt="star.jpg"/> 
				</td>
				<td>
				 <img src="http://people.apache.org/~jmitchell/shale-logo-entries/poweredstar.jpg" alt="poweredstar.jpg"/> 

				</td>
				</tr>
				<tr><td>31</td>
				<td>
				 Michael Ameduri 
				</td>
				<td>
				 <a href="mailto:ammo8@rochester.rr.com"> ammo8@rochester.rr.com</a> 
				</td>
				<td>
				 <img src="http://people.apache.org/~jmitchell/shale-logo-entries/wolf.jpg" alt="wolf.jpg"/> 

				</td>
				<td>
				 <img src="http://people.apache.org/~jmitchell/shale-logo-entries/poweredwolf.jpg" alt="poweredwolf.jpg"/> 
				</td>
				</tr>
				<tr><td>32</td>
				<td>
				 Rajen Pulai 
				</td>
				<td>
				 <a href="mailto:rajen.pulai@gmail.com"> rajen.pulai@gmail.com</a> 

				</td>
				<td>
				 <img src="http://people.apache.org/~jmitchell/shale-logo-entries/ApacheShaleLogo_Rpulai.jpg" alt="ApacheShaleLogo_Rpulai.jpg"/> 
				</td>
				<td>
				 <img src="http://people.apache.org/~jmitchell/shale-logo-entries/Pwredby_ApacheShaleLogo_Rpulai.jpg" alt="Pwredby_ApacheShaleLogo_Rpulai.jpg"/> 
				</td>
				</tr>
				<tr><td>33</td>
				<td>
				 Connor Garvey 

				</td>
				<td>
				 <a href="mailto:mrsqueezles@gmail.com"> mrsqueezles@gmail.com</a> 
				</td>
				<td>
				 <img src="http://people.apache.org/~jmitchell/shale-logo-entries/shale_engraved.png" alt="shale_engraved.png"/> 
				</td>
				<td>
				 <img src="http://people.apache.org/~jmitchell/shale-logo-entries/shale_engraved_powered.png" alt="shale_engraved_powered.png"/> 

				</td>
				</tr>
				<tr><td>34</td>
				<td>
				 Connor Garvey 
				</td>
				<td>
				 <a href="mailto:mrsqueezles@gmail.com"> mrsqueezles@gmail.com</a> 
				</td>
				<td>
				 <img src="http://people.apache.org/~jmitchell/shale-logo-entries/Shale-3D.png" alt="Shale-3D.png"/> 

				</td>
				<td>
				 <img src="http://people.apache.org/~jmitchell/shale-logo-entries/Powered-by-Shale-3D.png" alt="Powered-by-Shale-3D.png"/> 
				</td>
				</tr>
				<tr><td>35</td>
				<td>
				 Gulam Patel (Mikael) 
				</td>
				<td>
				 <a href="mailto:mail.micke@gmail.com"> mail.micke@gmail.com</a> 

				</td>
				<td>
				 <img src="http://people.apache.org/~jmitchell/shale-logo-entries/shale_A.jpg" alt="shale_A.jpg"/> 
				</td>
				<td>
				 <img src="http://people.apache.org/~jmitchell/shale-logo-entries/shale_A_1.jpg" alt="shale_A_1.jpg"/> 
				</td>
				</tr>
				<tr><td>36</td>
				<td>
				 Gulam Patel (Mikael) 

				</td>
				<td>
				 <a href="mailto:mail.micke@gmail.com"> mail.micke@gmail.com</a> 
				</td>
				<td>
				 <img src="http://people.apache.org/~jmitchell/shale-logo-entries/shale_B.jpg" alt="shale_B.jpg"/> 
				</td>
				<td>
				 <img src="http://people.apache.org/~jmitchell/shale-logo-entries/shale_B_1.jpg" alt="shale_B_1.jpg"/> 

				</td>
				</tr>
				<tr><td>37</td>
				<td>
				 Gulam Patel (Mikael) 
				</td>
				<td>
				 <a href="mailto:mail.micke@gmail.com"> mail.micke@gmail.com</a> 
				</td>
				<td>
				 <img src="http://people.apache.org/~jmitchell/shale-logo-entries/shale_C.jpg" alt="shale_C.jpg"/> 

				</td>
				<td>
				 <img src="http://people.apache.org/~jmitchell/shale-logo-entries/shale_C_1.jpg" alt="shale_C_1.jpg"/> 
				</td>
				</tr>
				<tr><td>38</td>
				<td>
				 Gulam Patel (Mikael) 
				</td>
				<td>
				 <a href="mailto:mail.micke@gmail.com"> mail.micke@gmail.com</a> 

				</td>
				<td>
				 <img src="http://people.apache.org/~jmitchell/shale-logo-entries/shale_D.jpg" alt="shale_D.jpg"/> 
				</td>
				<td>
				 <img src="http://people.apache.org/~jmitchell/shale-logo-entries/shale_D_1.jpg" alt="shale_D_1.jpg"/> 
				</td>
				</tr>
				<tr><td>39</td>
				<td>
				 J. Klouda 

				</td>
				<td>
				 <a href="mailto:jklouda@biohazardag.com"> jklouda@biohazardag.com</a> 
				</td>
				<td>
				 <img src="http://people.apache.org/~jmitchell/shale-logo-entries/jk_sh_hex.jpg" alt="jk_sh_hex.jpg"/> 
				</td>
				<td>
				 <img src="http://people.apache.org/~jmitchell/shale-logo-entries/jk_sh_hex_pbcut.jpg" alt="jk_sh_hex_pbcut.jpg"/> 

				</td>
				</tr>
				<tr><td>40</td>
				<td>
				 D. Kolarova 
				</td>
				<td>
				 <a href="mailto:daniela.kolarova@gmail.com"> daniela.kolarova@gmail.com</a> 
				</td>
				<td>
				 <img src="http://people.apache.org/~jmitchell/shale-logo-entries/ShaleSilver.jpg" alt="ShaleSilver.jpg"/> 

				</td>
				<td>
				 <img src="http://people.apache.org/~jmitchell/shale-logo-entries/ShaleSilverPoweredBy.jpg" alt="ShaleSilverPoweredBy.jpg"/> 
				</td>
				</tr>
				<tr><td>41</td>
				<td>
				 D. Kolarova 
				</td>
				<td>
				 <a href="mailto:daniela.kolarova@gmail.com"> daniela.kolarova@gmail.com</a> 

				</td>
				<td>
				 <img src="http://people.apache.org/~jmitchell/shale-logo-entries/ShaleWhite.jpg" alt="ShaleWhite.jpg"/> 
				</td>
				<td>
				 <img src="http://people.apache.org/~jmitchell/shale-logo-entries/ShaleWhitePoweredBy.jpg" alt="ShaleWhitePoweredBy.jpg"/> 
				</td>
				</tr>
				<tr><td>42</td>
				<td>
				 D. Kolarova 

				</td>
				<td>
				 <a href="mailto:daniela.kolarova@gmail.com"> daniela.kolarova@gmail.com</a> 
				</td>
				<td>
				 <img src="http://people.apache.org/~jmitchell/shale-logo-entries/ShaleTextSpheres.jpg" alt="ShaleTextSpheres.jpg"/> 
				</td>
				<td>
				 <img src="http://people.apache.org/~jmitchell/shale-logo-entries/ShaleTextSpheresPoweredBy.jpg" alt="ShaleTextSpheresPoweredBy.jpg"/>
				</td>

				</tr>
				<tr><td>43</td>
				<td>
				 D. Kolarova 
				</td>
				<td>
				 <a href="mailto:daniela.kolarova@gmail.com"> daniela.kolarova@gmail.com</a> 
				</td>
				<td>
				 <img src="http://people.apache.org/~jmitchell/shale-logo-entries/shale_faces.jpg" alt="shale_faces.jpg"/> 

				</td>
				<td>
				 <img src="http://people.apache.org/~jmitchell/shale-logo-entries/shale_faces_poweredby.jpg" alt="shale_faces_poweredby.jpg"/>
				</td>
				</tr>
				<tr><td>44</td>
				<td>
				 t. wakefield 
				</td>
				<td>
				 <a href="mailto:taraelbrader@gmail.com"> taraelbrader@gmail.com</a> 

				</td>
				<td>
				 <img src="http://people.apache.org/~jmitchell/shale-logo-entries/shalebird.jpg" alt="shalebird.jpg"/> 
				</td>
				<td>
				 <img src="http://people.apache.org/~jmitchell/shale-logo-entries/shalebirdpower.jpg" alt="shalebirdpower.jpg"/> 
				</td>
				</tr>
				<tr><td>45</td>
				<td>
				 Connor Garvey 

				</td>
				<td>
				 <a href="mailto:mrsqueezles@gmail.com"> mrsqueezles@gmail.com</a> 
				</td>
				<td>
				 <img src="http://people.apache.org/~jmitchell/shale-logo-entries/Simple-2.png" alt="Simple-2.png"/> 
				</td>
				<td>
				 <img src="http://people.apache.org/~jmitchell/shale-logo-entries/Simple-2-Powered.png" alt="Simple-2-Powered.png"/> 

				</td>
				</tr>
				<tr><td>46</td>
				<td>
				 Andrew Smith 
				</td>
				<td>
				 <a href="mailto:andrewsmithy@earthlink.net"> andrewsmithy@earthlink.net</a> 
				</td>
				<td>
				 <img src="http://people.apache.org/~jmitchell/shale-logo-entries/shale-basic_002.png" alt="shale-basic.png"/> 

				</td>
				<td>
				 <img src="http://people.apache.org/~jmitchell/shale-logo-entries/shale-basic-poweredby_002.png" alt="shale-basic-poweredby.png"/> 
				</td>
				</tr>
				<tr><td>47</td>
				<td>
				 Andrew Smith 
				</td>
				<td>
				 <a href="mailto:andrewsmithy@earthlink.net"> andrewsmithy@earthlink.net</a> 

				</td>
				<td>
				 <img src="http://people.apache.org/~jmitchell/shale-logo-entries/shale-basic.png" alt="shale-basic.2.png"/> 
				</td>
				<td>
				 <img src="http://people.apache.org/~jmitchell/shale-logo-entries/shale-basic-poweredby.png" alt="shale-basic-poweredby.2.png"/> 
				</td>
				</tr>
				<tr><td>48</td>
				<td>
				 Randahl Isaksen 

				</td>
				<td>
				 <a href="mailto:randahl@rockit.dk"> randahl@rockit.dk</a> 
				</td>
				<td>
				 <img src="http://people.apache.org/~jmitchell/shale-logo-entries/ri-shale.png" alt="ri-shale.png"/> 
				</td>
				<td>
				 <img src="http://people.apache.org/~jmitchell/shale-logo-entries/ri-shale-powered.png" alt="ri-shale-powered.png"/> 

				</td>
				</tr>
				<tr><td>49</td>
				<td>
				 Michael Ameduri 
				</td>
				<td>
				 <a href="mailto:ammo8@rochester.rr.com"> ammo8@rochester.rr.com</a> 
				</td>
				<td>
				 <img src="http://people.apache.org/~jmitchell/shale-logo-entries/blackglossy.jpg" alt="blackglossy.jpg"/> 

				</td>
				<td>
				 <img src="http://people.apache.org/~jmitchell/shale-logo-entries/blackglossy-power.jpg" alt="blackglossy-power.jpg"/> 
				</td>
				</tr>
				<tr><td>50</td>
				<td>
				 Michael Ameduri 
				</td>
				<td>
				 <a href="mailto:ammo8@rochester.rr.com"> ammo8@rochester.rr.com</a> 

				</td>
				<td>
				 <img src="http://people.apache.org/~jmitchell/shale-logo-entries/steel-bar.jpg" alt="steel-bar.jpg"/> 
				</td>
				<td>
				 <img src="http://people.apache.org/~jmitchell/shale-logo-entries/steel-bar-power.jpg" alt="steel-bar-power.jpg"/> 
				</td>
				</tr>
				<tr><td>51</td>
				<td>
				 Michael Ameduri 

				</td>
				<td>
				 <a href="mailto:ammo8@rochester.rr.com"> ammo8@rochester.rr.com</a> 
				</td>
				<td>
				 <img src="http://people.apache.org/~jmitchell/shale-logo-entries/purple-star.jpg" alt="purple-star.jpg"/> 
				</td>
				<td>
				 <img src="http://people.apache.org/~jmitchell/shale-logo-entries/purple-star-powered.jpg" alt="purple-star-powered.jpg"/> 

				</td>
				</tr>
				<tr><td>52</td>
				<td>
				 Karolina Gorska 
				</td>
				<td>
				 <a href="mailto:gorskak7@yahoo.com"> gorskak7@yahoo.com</a> 
				</td>
				<td>
				 <img src="http://people.apache.org/~jmitchell/shale-logo-entries/Shale_eye.jpg" alt="Shale_eye.jpg"/> 

				</td>
				<td>
				 <img src="http://people.apache.org/~jmitchell/shale-logo-entries/Shale_eye_power.jpg" alt="Shale_eye_power.jpg"/> 
				</td>
				</tr>
				<tr><td>53</td>
				<td>
				 Karolina Gorska 
				</td>
				<td>
				 <a href="mailto:gorskak7@yahoo.com"> gorskak7@yahoo.com</a> 

				</td>
				<td>
				 <img src="http://people.apache.org/~jmitchell/shale-logo-entries/Shale_point.jpg" alt="Shale_point.jpg"/> 
				</td>
				<td>
				 <img src="http://people.apache.org/~jmitchell/shale-logo-entries/Shale_point_power.jpg" alt="Shale_point_power.jpg"/> 
				</td>
				</tr>
				<tr><td>54</td>
				<td>
				 Pakcik Kantin 

				</td>
				<td>
				 <a href="mailto:sronic22@yahoo.com"> sronic22@yahoo.com</a> 
				</td>
				<td>
				 <img src="http://people.apache.org/~jmitchell/shale-logo-entries/pakcik-shale-big-1.gif" alt="pakcik-shale-big-1.gif"/> 
				</td>
				<td>
				 <img src="http://people.apache.org/~jmitchell/shale-logo-entries/pakcik-shale-small-1.gif" alt="pakcik-shale-small-1.gif"/> 

				</td>
				</tr>
				<tr><td>55</td>
				<td>
				 Gemmy Fang 
				</td>
				<td>
				 <a href="mailto:gemmyfang@hotmail.com"> gemmyfang@hotmail.com</a> 
				</td>
				<td>
				 <img src="http://people.apache.org/~jmitchell/shale-logo-entries/gemmyfang_shale_logo.gif" alt="gemmyfang_shale_logo.gif"/> 

				</td>
				<td>
				 <img src="http://people.apache.org/~jmitchell/shale-logo-entries/gemmyfang_power_by_shale.gif" alt="gemmyfang_power_by_shale.gif"/> 
				</td>
				</tr>
				<tr><td>56</td>
				<td>
				 Chris Schaer 
				</td>
				<td>
				 <a href="mailto:kriegel@webdevil.ch"> kriegel@webdevil.ch</a> 

				</td>
				<td>
				 <img src="http://people.apache.org/~jmitchell/shale-logo-entries/webdevil_shale.gif" alt="webdevil_shale.gif"/> 
				</td>
				<td>
				 <img src="http://people.apache.org/~jmitchell/shale-logo-entries/webdevil_powered.gif" alt="webdevil_powered.gif"/> 
				</td>
				</tr>
				<tr><td>57</td>
				<td>
				 M.J. <a class="nonexistent" href="http://wiki.apache.org/shale/DeSantis">DeSantis</a> 

				</td>
				<td>
				 <a href="mailto:desantism@gmail.com"> desantism@gmail.com</a> 
				</td>
				<td>
				 <img src="http://people.apache.org/~jmitchell/shale-logo-entries/shale_wave.gif" alt="shale_wave.gif"/> 
				</td>
				<td>
				 <img src="http://people.apache.org/~jmitchell/shale-logo-entries/shale_wave_powered.gif" alt="shale_wave_powered.gif"/> 

				</td>
				</tr>
				<tr><td>58</td>
				<td>
				 M.J. <a class="nonexistent" href="http://wiki.apache.org/shale/DeSantis">DeSantis</a> 
				</td>
				<td>
				 <a href="mailto:desantism@gmail.com"> desantism@gmail.com</a> 
				</td>

				<td>
				 <img src="http://people.apache.org/~jmitchell/shale-logo-entries/shale_wave2.gif" alt="shale_wave2.gif"/> 
				</td>
				<td>
				 <img src="http://people.apache.org/~jmitchell/shale-logo-entries/shale_wave_powered.gif" alt="shale_wave_powered.gif"/> 
				</td>
				</tr>
				<tr><td>59</td>
				<td>
				 Wang Jianbin 
				</td>

				<td>
				 <a href="mailto:james05y@gmail.com"> james05y@gmail.com</a> 
				</td>
				<td>
				 <img src="http://people.apache.org/~jmitchell/shale-logo-entries/F__document_PhotoShop_shale_james.jpg" alt="F__document_PhotoShop_shale_james.jpg"/> 
				</td>
				<td>
				 <img src="http://people.apache.org/~jmitchell/shale-logo-entries/F__document_PhotoShop_power_shale_james.jpg" alt="F__document_PhotoShop_power_shale_james.jpg"/> 
				</td>

				</tr>
				<tr><td>60</td>
				<td>
				 Wang Jianbin 
				</td>
				<td>
				 <a href="mailto:james05y@gmail.com"> james05y@gmail.com</a> 
				</td>
				<td>
				 <img src="http://people.apache.org/~jmitchell/shale-logo-entries/shale_james_small.png" alt="shale_james_small.png"/> 

				</td>
				<td>
				 <img src="http://people.apache.org/~jmitchell/shale-logo-entries/shale_power_james_samll.png" alt="shale_power_james_samll.png"/> 
				</td>
				</tr>
				<tr><td>61</td>
				<td>
				 Pakcik Kantin 
				</td>
				<td>
				 <a href="mailto:sronic22@yahoo.com"> sronic22@yahoo.com</a> 

				</td>
				<td>
				 <img src="http://people.apache.org/~jmitchell/shale-logo-entries/apache-shale3.gif" alt="apache-shale3.gif"/> 
				</td>
				<td>
				 <img src="http://people.apache.org/~jmitchell/shale-logo-entries/apache-shale3-small.gif" alt="apache-shale3-small.gif"/> 
				</td>
				</tr>
				<tr><td>62</td>
				<td>
				 Wesley Hales 

				</td>
				<td>
				 <a href="mailto:wesleyhales@gmail.com"> wesleyhales@gmail.com</a> 
				</td>
				<td>
				 <img src="http://people.apache.org/~jmitchell/shale-logo-entries/shale1.jpg" alt="shale1.jpg"/> 
				</td>
				<td>
				 <img src="http://people.apache.org/~jmitchell/shale-logo-entries/PBshale1.jpg" alt="PBshale1.jpg"/> 

				</td>
				</tr>
				<tr><td>63</td>
				<td>
				 Wesley Hales 
				</td>
				<td>
				 <a href="mailto:wesleyhales@gmail.com"> wesleyhales@gmail.com</a> 
				</td>
				<td>
				 <img src="http://people.apache.org/~jmitchell/shale-logo-entries/WH_shale2.jpg" alt="WH_shale2.jpg"/> 

				</td>
				<td>
				 <img src="http://people.apache.org/~jmitchell/shale-logo-entries/WH_PBshale2.jpg" alt="WH_PBshale2.jpg"/> 
				</td>
				</tr>
				<tr><td>64</td>
				<td>
				 Wesley Hales 
				</td>
				<td>
				 <a href="mailto:wesleyhales@gmail.com"> wesleyhales@gmail.com</a> 

				</td>
				<td>
				 <img src="http://people.apache.org/~jmitchell/shale-logo-entries/WH_shale3.jpg" alt="WH_shale3.jpg"/> 
				</td>
				<td>
				 <img src="http://people.apache.org/~jmitchell/shale-logo-entries/WH_PBshale3.jpg" alt="WH_PBshale3.jpg"/> 
				</td>
				</tr>
				<tr><td>65</td>
				<td>
				 Wesley Hales 

				</td>
				<td>
				 <a href="mailto:wesleyhales@gmail.com"> wesleyhales@gmail.com</a> 
				</td>
				<td>
				 <img src="http://people.apache.org/~jmitchell/shale-logo-entries/WH_shale4.jpg" alt="WH_shale4.jpg"/> 
				</td>
				<td>
				 <img src="http://people.apache.org/~jmitchell/shale-logo-entries/WH_PBshale4.jpg" alt="WH_PBshale4.jpg"/> 

				</td>
				</tr>
				<tr><td>66</td>
				<td>
				 Nik Wahlberg 
				</td>
				<td>
				 <a href="mailto:nwahlberg@gmail.com"> nwahlberg@gmail.com</a> 
				</td>
				<td>
				 <img src="http://people.apache.org/~jmitchell/shale-logo-entries/nw_shale_logo.gif" alt="nw_shale_logo.gif"/> 

				</td>
				<td>
				 <img src="http://people.apache.org/~jmitchell/shale-logo-entries/nw_shale_logo_pb.gif" alt="nw_shale_logo_pb.gif"/> 
				</td>
				</tr>
				<tr><td>67</td>
				<td>
				 JSchmidt 
				</td>
				<td>
				 <a href="mailto:joesmither@gmail.com"> joesmither@gmail.com</a> 

				</td>
				<td>
				 <img src="http://people.apache.org/~jmitchell/shale-logo-entries/jSchmidt_shale_logo.jpg" alt="jSchmidt_shale_logo.jpg"/> 
				</td>
				<td>
				 <img src="http://people.apache.org/~jmitchell/shale-logo-entries/jSchmidt_shale_powered.jpg" alt="jSchmidt_shale_powered.jpg"/> 
				</td>
				</tr>
				<tr><td>68</td>
				<td>
				 Aide Chang 

				</td>
				<td>
				 <a href="mailto:mydesignjob@gmail.com"> mydesignjob@gmail.com</a> 
				</td>
				<td>
				 <img src="http://people.apache.org/~jmitchell/shale-logo-entries/shale_deposits.jpg" alt="shale_deposits.jpg"/> 
				</td>
				<td>
				 <img src="http://people.apache.org/~jmitchell/shale-logo-entries/shale_depositsPW.jpg" alt="shale_depositsPW.jpg"/> 

				</td>
				</tr>
				<tr><td>69</td>
				<td>
				 Aide Chang 
				</td>
				<td>
				 <a href="mailto:mydesignjob@gmail.com"> mydesignjob@gmail.com</a> 
				</td>
				<td>
				 <img src="http://people.apache.org/~jmitchell/shale-logo-entries/shale_framework.jpg" alt="shale_framework.jpg"/> 

				</td>
				<td>
				 <img src="http://people.apache.org/~jmitchell/shale-logo-entries/shale_frameworkPW.jpg" alt="shale_frameworkPW.jpg"/> 
				</td>
				</tr>
				<tr><td>70</td>
				<td>
				 Aide Chang 
				</td>
				<td>
				 <a href="mailto:mydesignjob@gmail.com"> mydesignjob@gmail.com</a> 

				</td>
				<td>
				 <img src="http://people.apache.org/~jmitchell/shale-logo-entries/shale_underground.jpg" alt="shale_underground.jpg"/> 
				</td>
				<td>
				 <img src="http://people.apache.org/~jmitchell/shale-logo-entries/shale_undergroundPW.jpg" alt="shale_undergroundPW.jpg"/> 
				</td>
				</tr>
				<tr><td>71</td>
				<td>
				 Aide Chang 

				</td>
				<td>
				 <a href="mailto:mydesignjob@gmail.com"> mydesignjob@gmail.com</a> 
				</td>
				<td>
				 <img src="http://people.apache.org/~jmitchell/shale-logo-entries/shale_struts_shale.jpg" alt="shale_struts_shale.jpg"/> 
				</td>
				<td>
				 <img src="http://people.apache.org/~jmitchell/shale-logo-entries/shale_struts_shalePW.jpg" alt="shale_struts_shalePW.jpg"/> 

				</td>
				</tr>
				<tr><td>72</td>
				<td>
				 Aide Chang 
				</td>
				<td>
				 <a href="mailto:mydesignjob@gmail.com"> mydesignjob@gmail.com</a> 
				</td>
				<td>
				 <img src="http://people.apache.org/~jmitchell/shale-logo-entries/shale_overground.jpg" alt="shale_overground.jpg"/> 

				</td>
				<td>
				 <img src="http://people.apache.org/~jmitchell/shale-logo-entries/shale_overgroundPW.jpg" alt="shale_overgroundPW.jpg"/> 
				</td>
				</tr>
				<tr><td>73</td>
				<td>
				 Coco 
				</td>
				<td>
				 <a href="mailto:cocodesigner@yahoo.com"> cocodesigner@yahoo.com</a> 

				</td>
				<td>
				 <img src="http://people.apache.org/~jmitchell/shale-logo-entries/coco1.gif" alt="coco1.gif"/> 
				</td>
				<td>
				 <img src="http://people.apache.org/~jmitchell/shale-logo-entries/coco11.gif" alt="coco11.gif"/> 
				</td>
				</tr>
				<tr><td>74</td>
				<td>
				 Coco 

				</td>
				<td>
				 <a href="mailto:cocodesigner@yahoo.com"> cocodesigner@yahoo.com</a> 
				</td>
				<td>
				 <img src="http://people.apache.org/~jmitchell/shale-logo-entries/coco2.gif" alt="coco2.gif"/> 
				</td>
				<td>
				 <img src="http://people.apache.org/~jmitchell/shale-logo-entries/coco21.gif" alt="coco21.gif"/> 

				</td>
				</tr>
				<tr><td>75</td>
				<td>
				 Coco 
				</td>
				<td>
				 <a href="mailto:cocodesigner@yahoo.com"> cocodesigner@yahoo.com</a> 
				</td>
				<td>
				 <img src="http://people.apache.org/~jmitchell/shale-logo-entries/coco3.gif" alt="coco3.gif"/> 

				</td>
				<td>
				 <img src="http://people.apache.org/~jmitchell/shale-logo-entries/coco31.gif" alt="coco31.gif"/> 
				</td>
				</tr>
				<tr><td>76</td>
				<td>
				 Coco 
				</td>
				<td>
				 <a href="mailto:cocodesigner@yahoo.com"> cocodesigner@yahoo.com</a> 

				</td>
				<td>
				 <img src="http://people.apache.org/~jmitchell/shale-logo-entries/coco4.gif" alt="coco4.gif"/> 
				</td>
				<td>
				 <img src="http://people.apache.org/~jmitchell/shale-logo-entries/coco41.gif" alt="coco41.gif"/> 
				</td>
				</tr>
				<tr><td>77</td>
				<td>
				 Santy 

				</td>
				<td>
				 <a href="mailto:santy99@gmail.com"> santy99@gmail.com</a> 
				</td>
				<td>
				 <img src="http://people.apache.org/~jmitchell/shale-logo-entries/santy_shalelogo1.jpg" alt="santy_shalelogo1.jpg"/> 
				</td>
				<td>
				 <img src="http://people.apache.org/~jmitchell/shale-logo-entries/santy_shalelogopowered1.jpg" alt="santy_shalelogopowered1.jpg"/> 

				</td>
				</tr>
				<tr><td>78</td>
				<td>
				 Binfel 
				</td>
				<td>
				 <a href="mailto:binfel.sd@gmail.com"> binfel.sd@gmail.com</a> 
				</td>
				<td>
				 <img src="http://people.apache.org/~jmitchell/shale-logo-entries/logo-shale2.gif" alt="logo-shale2.gif"/> 

				</td>
				<td>
				 <img src="http://people.apache.org/~jmitchell/shale-logo-entries/logo-shale-powered.gif" alt="logo-shale-powered.gif"/> 
				</td>
				</tr>
				<tr><td>79</td>
				<td>
				 <a class="nonexistent" href="http://wiki.apache.org/shale/TriSeprian">TriSeprian</a> 
				</td>
				<td>
				 <a href="mailto:tsepriand@yahoo.com"> tsepriand@yahoo.com</a> 

				</td>
				<td>
				 <img src="http://people.apache.org/~jmitchell/shale-logo-entries/seprian_shale1.jpg" alt="seprian_shale1.jpg"/> 
				</td>
				<td>
				 <img src="http://people.apache.org/~jmitchell/shale-logo-entries/seprian_shale1_pow.jpg" alt="seprian_shale1_pow.jpg"/> 
				</td>
				</tr>
				<tr><td>80</td>
				<td>
				 PRathore 

				</td>
				<td>
				 <a href="mailto:porus.rathore@gmail.com"> porus.rathore@gmail.com</a> 
				</td>
				<td>
				 <img src="http://people.apache.org/~jmitchell/shale-logo-entries/logo_p.jpg" alt="logo_p.jpg"/> 
				</td>
				<td>
				 <img src="http://people.apache.org/~jmitchell/shale-logo-entries/powered_logo_p.jpg" alt="powered_logo_p.jpg"/> 

				</td>
				</tr>
				<tr><td>81</td>
				<td>
				 Walied Amer 
				</td>
				<td>
				 <a href="mailto:walied@nextwaveco.com"> walied@nextwaveco.com</a> 
				</td>
				<td>
				 <img src="http://people.apache.org/~jmitchell/shale-logo-entries/walied01.jpg" alt="walied01.jpg"/> 

				</td>
				<td>
				 <img src="http://people.apache.org/~jmitchell/shale-logo-entries/walied01_powered.jpg" alt="walied01_powered.jpg"/> 
				</td>
				</tr>
				<tr><td>82</td>
				<td>
				 Walied Amer 
				</td>
				<td>
				 <a href="mailto:walied@nextwaveco.com"> walied@nextwaveco.com</a> 

				</td>
				<td>
				 <img src="http://people.apache.org/~jmitchell/shale-logo-entries/walied02.jpg" alt="walied02.jpg"/> 
				</td>
				<td>
				 <img src="http://people.apache.org/~jmitchell/shale-logo-entries/walied02_powered.jpg" alt="walied02_powered.jpg"/> 
				</td>
				</tr>
				<tr><td>83</td>
				<td>
				 Walied Amer 

				</td>
				<td>
				 <a href="mailto:walied@nextwaveco.com"> walied@nextwaveco.com</a> 
				</td>
				<td>
				 <img src="http://people.apache.org/~jmitchell/shale-logo-entries/walied03.jpg" alt="walied03.jpg"/> 
				</td>
				<td>
				 <img src="http://people.apache.org/~jmitchell/shale-logo-entries/walied03_powered.jpg" alt="walied03_powered.jpg"/> 

				</td>
				</tr>
				<tr><td>84</td>
				<td>
				 Walied Amer 
				</td>
				<td>
				 <a href="mailto:walied@nextwaveco.com"> walied@nextwaveco.com</a> 
				</td>
				<td>
				 <img src="http://people.apache.org/~jmitchell/shale-logo-entries/walied04.jpg" alt="walied04.jpg"/> 

				</td>
				<td>
				 <img src="http://people.apache.org/~jmitchell/shale-logo-entries/walied04_powered.jpg" alt="walied04_powered.jpg"/> 
				</td>
				</tr>
				<tr><td>85</td>
				<td>
				 Daniel Yang 
				</td>
				<td>
				 <a href="mailto:daniel.jp.yang@gmail.com"> daniel.jp.yang@gmail.com</a> 

				</td>
				<td>
				 <img src="http://people.apache.org/~jmitchell/shale-logo-entries/individual_2.jpg" alt="individual_2.jpg"/> 
				</td>
				<td>
				 <img src="http://people.apache.org/~jmitchell/shale-logo-entries/individual_2PW.jpg" alt="individual_2PW.jpg"/> 
				</td>
				</tr>
				<tr><td>86</td>
				<td>
				 Daniel Yang 

				</td>
				<td>
				 <a href="mailto:daniel.jp.yang@gmail.com"> daniel.jp.yang@gmail.com</a> 
				</td>
				<td>
				 <img src="http://people.apache.org/~jmitchell/shale-logo-entries/individual.jpg" alt="individual.jpg"/> 
				</td>
				<td>
				 <img src="http://people.apache.org/~jmitchell/shale-logo-entries/individualPW.jpg" alt="individualPW.jpg"/> 

				</td>
				</tr>
				<tr><td>87</td>
				<td>
				 Daniel Yang 
				</td>
				<td>
				 <a href="mailto:daniel.jp.yang@gmail.com"> daniel.jp.yang@gmail.com</a> 
				</td>
				<td>
				 <img src="http://people.apache.org/~jmitchell/shale-logo-entries/LogoS.jpg" alt="LogoS.jpg"/> 

				</td>
				<td>
				 <img src="http://people.apache.org/~jmitchell/shale-logo-entries/LogoS_PW.jpg" alt="LogoS_PW.jpg"/> 
				</td>
				</tr>
				<tr><td>88</td>
				<td>
				 Daniel Yang 
				</td>
				<td>
				 <a href="mailto:daniel.jp.yang@gmail.com"> daniel.jp.yang@gmail.com</a> 

				</td>
				<td>
				 <img src="http://people.apache.org/~jmitchell/shale-logo-entries/LogoS_2.jpg" alt="LogoS_2.jpg"/> 
				</td>
				<td>
				 <img src="http://people.apache.org/~jmitchell/shale-logo-entries/LogoS_2PW.jpg" alt="LogoS_2PW.jpg"/> 
				</td>
				</tr>
				<tr><td>89</td>
				<td>
				 Daniel Yang 

				</td>
				<td>
				 <a href="mailto:daniel.jp.yang@gmail.com"> daniel.jp.yang@gmail.com</a> 
				</td>
				<td>
				 <img src="http://people.apache.org/~jmitchell/shale-logo-entries/underground_2.jpg" alt="underground_2.jpg"/> 
				</td>
				<td>
				 <img src="http://people.apache.org/~jmitchell/shale-logo-entries/underground_2PW.jpg" alt="underground_2PW.jpg"/> 

				</td>
				</tr>
				<tr><td>90</td>
				<td>
				 Norbert Busch 
				</td>
				<td>
				 <a href="mailto:buschwerck@web.de"> buschwerck@web.de</a> 
				</td>
				<td>
				 <img src="http://people.apache.org/~jmitchell/shale-logo-entries/shale_logo_bschwck_2.gif" alt="shale_logo_bschwck_2.gif"/> 

				</td>
				<td>
				 <img src="http://people.apache.org/~jmitchell/shale-logo-entries/shale_poweredby_bschwrck2.gif" alt="shale_poweredby_bschwrck2.gif"/> 
				</td>
				</tr>
				<tr><td>91</td>
				<td>
				 Gouthaman Ilangovan 
				</td>
				<td>
				 <a href="mailto:i.goutham@gmail.com"> i.goutham@gmail.com</a> 

				</td>
				<td>
				 <img src="http://people.apache.org/~jmitchell/shale-logo-entries/Goutham-Apache-Shale-V1.jpg" alt="Goutham-Apache-Shale-V1.jpg"/> 
				</td>
				<td>
				 <img src="http://people.apache.org/~jmitchell/shale-logo-entries/Goutham-Apache-Shale-V1-PoweredBy.jpg" alt="Goutham-Apache-Shale-V1-PoweredBy.jpg"/> 
				</td>
				</tr>
				<tr><td>92</td>
				<td>
				 Youssef Elhafyani 

				</td>
				<td>
				 <a href="mailto:elhafyani4@gmail.com"> elhafyani4@gmail.com</a> 
				</td>
				<td>
				 <img src="http://people.apache.org/~jmitchell/shale-logo-entries/golden_apache.jpg" alt="golden_apache.jpg"/> 
				</td>
				<td>
				 <img src="http://people.apache.org/~jmitchell/shale-logo-entries/golden_apache_powered.jpg" alt="golden_apache_powered.jpg"/> 

				</td>
				</tr>
				<tr><td>93</td>
				<td>
				 Michael Ameduri 
				</td>
				<td>
				 <a href="mailto:ammo8@rochester.rr.com"> ammo8@rochester.rr.com</a> 
				</td>
				<td>
				 <img src="http://people.apache.org/~jmitchell/shale-logo-entries/s_wire_ball.jpg" alt="s_wire_ball.jpg"/> 

				</td>
				<td>
				 <img src="http://people.apache.org/~jmitchell/shale-logo-entries/s_wire_ball_power.jpg" alt="s_wire_ball_power.jpg"/> 
				</td>
				</tr>
				<tr><td>94</td>
				<td>
				 Michael Ameduri 
				</td>
				<td>
				 <a href="mailto:ammo8@rochester.rr.com"> ammo8@rochester.rr.com</a> 

				</td>
				<td>
				 <img src="http://people.apache.org/~jmitchell/shale-logo-entries/s_logo.jpg" alt="s_logo.jpg"/> 
				</td>
				<td>
				 <img src="http://people.apache.org/~jmitchell/shale-logo-entries/s_logo.jpg" alt="s_logo.jpg"/> 
				</td>
				</tr>
				<tr><td>95</td>
				<td>
				 <a class="nonexistent" href="http://wiki.apache.org/shale/TriSeprian">TriSeprian</a> 

				</td>
				<td>
				 <a href="mailto:tsepriand@yahoo.com"> tsepriand@yahoo.com</a> 
				</td>
				<td>
				 <img src="http://people.apache.org/~jmitchell/shale-logo-entries/seprian_shale2.jpg" alt="seprian_shale2.jpg"/>  <img src="http://people.apache.org/~jmitchell/shale-logo-entries/seprian_shale3.jpg" alt="seprian_shale3.jpg"/> 
				</td>
				<td>
				 <img src="http://people.apache.org/~jmitchell/shale-logo-entries/seprian_shale2_pow.jpg" alt="seprian_shale2_pow.jpg"/>  <img src="http://people.apache.org/~jmitchell/shale-logo-entries/seprian_shale3_pow.jpg" alt="seprian_shale3_pow.jpg"/>

				</td>
				</tr>
				<tr><td>96</td>
				<td>
				 <a class="nonexistent" href="http://wiki.apache.org/shale/TriSeprian">TriSeprian</a> 
				</td>
				<td>
				 <a href="mailto:tsepriand@yahoo.com"> tsepriand@yahoo.com</a> 
				</td>
				<td>

				 <img src="http://people.apache.org/~jmitchell/shale-logo-entries/seprian_shale4.jpg" alt="seprian_shale4.jpg"/> 
				</td>
				<td>
				 <img src="http://people.apache.org/~jmitchell/shale-logo-entries/seprian_shale4_pow.jpg" alt="seprian_shale4_pow.jpg"/> 
				</td>
				</tr>
			</tbody>
		</table>
         
         </p>
      </subsection>

    </section>

  </body>

</document>

