<?xml version="1.0" encoding="ISO-8859-1"?>
<project name="Struts Framework"
         href="http://struts.apache.org"
        image="images/struts.gif">
<!--
 Licensed to the Apache Software Foundation (ASF) under one or more
 contributor license agreements.  See the NOTICE file distributed with
 this work for additional information regarding copyright ownership.
 The ASF licenses this file to you under the Apache License, Version 2.0
 (the "License"); you may not use this file except in compliance with
 the License.  You may obtain a copy of the License at

     http://www.apache.org/licenses/LICENSE-2.0

 Unless required by applicable law or agreed to in writing, software
 distributed under the License is distributed on an "AS IS" BASIS,
 WITHOUT WARRANTIES OR CONDITIONS OF ANY KIND, either express or implied.
 See the License for the specific language governing permissions and
 limitations under the License.
-->
    <title>Shale Framework</title>
  <body>

    <menu name="Shale">
        <item name="Background"         href="/index.html"/>
        <item name="Using Shale"        href="/using.html"/>
        <item name="Building Shale"     href="/building.html"/>
        <item name="API Stability"      href="/api-stability.html"/>
    </menu>

    <menu name="Features">
        <item name="View Controller"    href="/features-view-controller.html"/>
        <item name="Dialog Manager"     href="/features-dialog-manager.html"/>
        <item name="Application Manager" href="/features-application-manager.html"/>
        <item name="Validation"         href="/features-commons-validator.html"/>
        <item name="Remoting"           href="/features-remoting.html"/>
        <item name="JNDI Integration"   href="/features-jndi-integration.html"/>
        <item name="Spring Integration" href="/features-spring-integration.html"/>
        <item name="Reusable Views"     href="/features-reusable-views.html"/>
        <item name="Test Framework"     href="/features-test-framework.html"/>
        <item name="Tiger Extensions"   href="/features-tiger-extensions.html"/>
    </menu>

  </body>
</project>






