<?xml version="1.0"?>


<!DOCTYPE faces-config PUBLIC
  "-//Sun Microsystems, Inc.//DTD JavaServer Faces Config 1.1//EN"
  "http://java.sun.com/dtd/web-facesconfig_1_1.dtd">


<!--
	
 Licensed to the Apache Software Foundation (ASF) under one or more
 contributor license agreements.  See the NOTICE file distributed with
 this work for additional information regarding copyright ownership.
 The ASF licenses this file to you under the Apache License, Version 2.0
 (the "License"); you may not use this file except in compliance with
 the License.  You may obtain a copy of the License at

     http://www.apache.org/licenses/LICENSE-2.0

 Unless required by applicable law or agreed to in writing, software
 distributed under the License is distributed on an "AS IS" BASIS,
 WITHOUT WARRANTIES OR CONDITIONS OF ANY KIND, either express or implied.
 See the License for the specific language governing permissions and
 limitations under the License.
	
	$Id: faces-config.xml 472368 2006-11-08 02:45:13Z gvanmatre $
	
-->


<!-- ====================== CLAY CONFIGURATION FILE ==-===================== -->


<faces-config>

	<application>
		<view-handler>
			org.apache.shale.clay.faces.ClayViewHandler
		</view-handler>
	</application>

	<component>
		<description>
			The "Clay" component dynamically composes a tree of child
			components based on the specified properties, and performs
			specified substitutions to customize this usage of the
			underlying template.
		</description>
		<display-name>Clay</display-name>
		<component-type>
			org.apache.shale.clay.component.Clay
		</component-type>
		<component-class>
			org.apache.shale.clay.component.Clay
		</component-class>
	</component>

	<component>
		<description>
			The "LoadBundle" component is meant to simulate the JSF
			loadBundle JSP tag for full Clay HTML views.
		</description>
		<display-name>LoadBundle</display-name>
		<component-type>
			org.apache.shale.clay.component.LoadBundle
		</component-type>
		<component-class>
			org.apache.shale.clay.component.LoadBundle
		</component-class>
	</component>

	<managed-bean>
		<description>
			The utility class used by the "Clay" component for extending
			runtime capabilities.
		</description>
		<managed-bean-name>ClayAmalgam</managed-bean-name>
		<managed-bean-class>
			org.apache.shale.clay.utils.ClayAmalgam
		</managed-bean-class>
		<managed-bean-scope>application</managed-bean-scope>
	</managed-bean>

	<converter>
		<description>
			The TimeZone converter is registered using the target class.
			This converter will be used by the
			org.apache.shale.util.ConverterHelper to populate the target
			object properties.
		</description>
		<converter-for-class>java.util.TimeZone</converter-for-class>
		<converter-class>
			org.apache.shale.clay.convert.TimeZoneConverter
		</converter-class>
	</converter>

	<converter>
		<description>
			This converter will be used by the
			org.apache.shale.util.ConverterHelper to populate the target
			object properties.  It converts a String[] to a String.
		</description>
		<converter-for-class>[Ljava.lang.String;</converter-for-class>
		<converter-class>
			org.apache.shale.clay.convert.StringArrayConverter
		</converter-class>
	</converter>

</faces-config>
